,action_code,action_code_full,amendment_indicator,amendment_number,back_reference_schedule_name,back_reference_transaction_id,candidate_first_name,candidate_id,candidate_last_name,candidate_middle_name,candidate_name,candidate_office,candidate_office_district,candidate_office_state,candidate_party,candidate_prefix,candidate_suffix,category_code,category_code_full,committee_id,conduit_committee_city,conduit_committee_id,conduit_committee_name,conduit_committee_state,conduit_committee_street1,conduit_committee_street2,conduit_committee_zip,disbursement_dt,dissemination_date,election_type,election_type_full,expenditure_amount,expenditure_date,expenditure_description,file_number,filer_first_name,filer_last_name,filer_middle_name,filer_prefix,filer_suffix,filing_date,filing_form,form_line_number,image_number,independent_sign_date,independent_sign_name,is_notice,line_number,link_id,memo_code,memo_code_full,memo_text,memoed_subtotal,most_recent,notary_commission_expiration_date,notary_sign_date,notary_sign_name,office_total_ytd,original_sub_id,payee_city,payee_first_name,payee_last_name,payee_middle_name,payee_name,payee_prefix,payee_state,payee_street_1,payee_street_2,payee_suffix,payee_zip,pdf_url,previous_file_number,report_type,report_year,schedule_type,schedule_type_full,sub_id,support_oppose_indicator,transaction_id,committee
0,A,ADD,N,0.0,,,KEVIN,H2CA03157,KILEY,,"KILEY, KEVIN",H,03,CA,REP,,,004,Advertising Expenses ,C00687103,,,,,,,,2024-09-24,2024-09-24,G2024,,13841.56,2024-09-24,MAILER POSTAGE,1818644,MARGEE,CLANCY,,,TREASURER,2024-09-25,F24,F24-24,202409259684727945,2024-09-25,"CLANCY, MARGEE TREASURER",True,24,4092620242041904006,,,,False,True,,,,68988.32,,WASHINGTON,,,,UNITED STATES POSTAL SERVICE,,DC,470 L'ENFANT PLAZA SW,STE 604,,20024,https://docquery.fec.gov/cgi-bin/fecimg/?202409259684727945,1818644,48,2024,SE,ITEMIZED INDEPENDENT EXPENDITURES,4092620242042067116,S,SE24.31498,"AMERICANS FOR PROSPERITY ACTION, INC. (AFP ACTION) DBA CVA ACTION AND DBA LIBRE ACTION"
1,A,ADD,N,0.0,,,KEVIN,H2CA03157,KILEY,,"KILEY, KEVIN",H,03,CA,REP,,,004,Advertising Expenses ,C00687103,,,,,,,,,2024-09-24,G2024,,7602.6,2024-09-24,MAILER PRODUCTION,1818644,MARGEE,CLANCY,,,TREASURER,2024-09-25,F24,F24-24,202409259684727944,2024-09-25,"CLANCY, MARGEE TREASURER",True,24,4092620242041904006,,,,False,True,,,,68988.32,,ARLINGTON,,,,FP1 STRATEGIES LLC,,VA,3001 WASHINGTON BLVD.,7TH FLOOR,,22201,https://docquery.fec.gov/cgi-bin/fecimg/?202409259684727944,1818644,48,2024,SE,ITEMIZED INDEPENDENT EXPENDITURES,4092620242042067115,S,SE24.31497,"AMERICANS FOR PROSPERITY ACTION, INC. (AFP ACTION) DBA CVA ACTION AND DBA LIBRE ACTION"
2,A,ADD,N,0.0,,,KEVIN,H2CA03157,KILEY,,"KILEY, KEVIN",H,03,CA,REP,,,004,Advertising Expenses ,C00687103,,,,,,,,2024-09-16,2024-09-16,G2024,,13841.56,2024-09-16,MAILER POSTAGE,1816436,MARGEE,CLANCY,,,TREASURER,2024-09-18,F24,F24-24,202409189675526230,2024-09-18,"CLANCY, MARGEE TREASURER",True,24,4091920242041033008,,,,False,True,,,,47544.16,,WASHINGTON,,,,UNITED STATES POSTAL SERVICE,,DC,470 L'ENFANT PLAZA SW,STE 604,,20024,https://docquery.fec.gov/cgi-bin/fecimg/?202409189675526230,1816436,48,2024,SE,ITEMIZED INDEPENDENT EXPENDITURES,4091920242041075148,S,SE24.31374,"AMERICANS FOR PROSPERITY ACTION, INC. (AFP ACTION) DBA CVA ACTION AND DBA LIBRE ACTION"
3,A,ADD,N,0.0,,,KEVIN,H2CA03157,KILEY,,"KILEY, KEVIN",H,03,CA,REP,,,004,Advertising Expenses ,C00687103,,,,,,,,,2024-09-16,G2024,,7602.6,2024-09-16,MAILER PRODUCTION,1816436,MARGEE,CLANCY,,,TREASURER,2024-09-18,F24,F24-24,202409189675526214,2024-09-18,"CLANCY, MARGEE TREASURER",True,24,4091920242041033008,,,,False,True,,,,47544.16,,ARLINGTON,,,,FP1 STRATEGIES LLC,,VA,3001 WASHINGTON BLVD.,7TH FLOOR,,22201,https://docquery.fec.gov/cgi-bin/fecimg/?202409189675526214,1816436,48,2024,SE,ITEMIZED INDEPENDENT EXPENDITURES,4091920242041075117,S,SE24.31373,"AMERICANS FOR PROSPERITY ACTION, INC. (AFP ACTION) DBA CVA ACTION AND DBA LIBRE ACTION"
4,A,ADD,N,0.0,,,KEVIN,H2CA03157,KILEY,,"KILEY, KEVIN",H,3,CA,REP,,,4.0,Advertising Expenses ,C00687103,,,,,,,,,2024-09-09,G2024,,1000.0,2024-09-09 00:00:00,MEDIA PRODUCTION,1814997,MARGEE,CLANCY,,,TREASURER,2024-09-11,F24,F24-24,202409119675419561,2024-09-11,"CLANCY, MARGEE TREASURER",True,24,4091220242040554000,,,,False,True,,,,26100.0,,ARLINGTON,,,,TARGETED VICTORY LLC,,VA,2311 WILSON BOULEVARD,SUITE 200,,22201,https://docquery.fec.gov/cgi-bin/fecimg/?202409119675419561,1814997,48,2024,SE,ITEMIZED INDEPENDENT EXPENDITURES,4091220242040591005,S,SE24.31124,"AMERICANS FOR PROSPERITY ACTION, INC. (AFP ACTION) DBA CVA ACTION AND DBA LIBRE ACTION"
5,A,ADD,N,0.0,,,KEVIN,H2CA03157,KILEY,,"KILEY, KEVIN",H,3,CA,REP,,,4.0,Advertising Expenses ,C00687103,,,,,,,,,2024-09-09,G2024,,1800.0,2024-09-09 00:00:00,MEDIA PRODUCTION,1814997,MARGEE,CLANCY,,,TREASURER,2024-09-11,F24,F24-24,202409119675419561,2024-09-11,"CLANCY, MARGEE TREASURER",True,24,4091220242040554000,,,,False,True,,,,26100.0,,ARLINGTON,,,,TARGETED VICTORY LLC,,VA,2311 WILSON BOULEVARD,SUITE 200,,22201,https://docquery.fec.gov/cgi-bin/fecimg/?202409119675419561,1814997,48,2024,SE,ITEMIZED INDEPENDENT EXPENDITURES,4091220242040591004,S,SE24.31123,"AMERICANS FOR PROSPERITY ACTION, INC. (AFP ACTION) DBA CVA ACTION AND DBA LIBRE ACTION"
6,A,ADD,N,0.0,,,KEVIN,H2CA03157,KILEY,,"KILEY, KEVIN",H,3,CA,REP,,,,,C00853770,,,,,,,,2024-09-05,2024-09-05,G2024,,70760.71,2024-09-05 00:00:00,DIGITAL ADVERTISING,1814039,EMORY,ROGERS,,,,2024-09-05,F24,F24-24,202409059675355162,2024-09-05,"ROGERS, EMORY",True,24,4090520242040169009,,,,False,True,,,,170760.71,,ALEXANDRIA,,,,DRIVE PUBLIC AFFAIRS,,VA,117 N SAINT ASAPH ST,,,22314,https://docquery.fec.gov/cgi-bin/fecimg/?202409059675355162,1814039,48,2024,SE,ITEMIZED INDEPENDENT EXPENDITURES,4090520242040196266,S,WFT2024851149-1,A STRONG INNOVATION ECONOMY REQUIRES STRONG IP PROTECTION
7,A,ADD,N,0.0,,,KEVIN,H2CA03157,KILEY,,"KILEY, KEVIN",H,3,CA,REP,,,,,C00853770,,,,,,,,2024-09-03,2024-09-03,G2024,,100000.0,2024-09-03 00:00:00,ADVERTISING PRODUCTION,1813861,EMORY,ROGERS,,,,2024-09-04,F24,F24-24,202409049675346718,2024-09-04,"ROGERS, EMORY",True,24,4090420242017308011,,,,False,True,,,,100000.0,,ALEXANDRIA,,,,DRIVE PUBLIC AFFAIRS,,VA,117 N SAINT ASAPH ST,,,22314,https://docquery.fec.gov/cgi-bin/fecimg/?202409049675346718,1813861,48,2024,SE,ITEMIZED INDEPENDENT EXPENDITURES,4090420242017823256,S,WFT2024841136-1,A STRONG INNOVATION ECONOMY REQUIRES STRONG IP PROTECTION
8,A,ADD,N,0.0,,,KEVIN,H2CA03157,KILEY,,"KILEY, KEVIN",H,3,CA,REP,,,4.0,Advertising Expenses ,C00687103,,,,,,,,,2024-08-01,G2024,,1000.0,2024-08-01 00:00:00,MEDIA PRODUCTION,1807868,LAURA,STOLARZ,,,TREASURER,2024-08-03,F24,F24-24,202408039666058779,2024-08-03,"STOLARZ, LAURA TREASURER",True,24,4080420241999622002,,,,False,True,,,,23300.0,,ARLINGTON,,,,TARGETED VICTORY LLC,,VA,2311 WILSON BOULEVARD,SUITE 200,,22201,https://docquery.fec.gov/cgi-bin/fecimg/?202408039666058779,1807868,48,2024,SE,ITEMIZED INDEPENDENT EXPENDITURES,4080420241999629018,S,SE24.29704,"AMERICANS FOR PROSPERITY ACTION, INC. (AFP ACTION) DBA CVA ACTION AND DBA LIBRE ACTION"
9,A,ADD,N,0.0,,,KEVIN,H2CA03157,KILEY,,"KILEY, KEVIN",H,3,CA,REP,,,4.0,Advertising Expenses ,C00687103,,,,,,,,,2024-08-01,G2024,,20500.0,2024-08-01 00:00:00,MEDIA PLACEMENT,1807868,LAURA,STOLARZ,,,TREASURER,2024-08-03,F24,F24-24,202408039666058779,2024-08-03,"STOLARZ, LAURA TREASURER",True,24,4080420241999622002,,,,False,True,,,,23300.0,,ARLINGTON,,,,IN PURSUIT OF LLC,,VA,4201 WILSON BLVD.,STE. 900,,22203,https://docquery.fec.gov/cgi-bin/fecimg/?202408039666058779,1807868,48,2024,SE,ITEMIZED INDEPENDENT EXPENDITURES,4080420241999629017,S,SE24.29703,"AMERICANS FOR PROSPERITY ACTION, INC. (AFP ACTION) DBA CVA ACTION AND DBA LIBRE ACTION"
10,A,ADD,N,0.0,,,KEVIN,H2CA03157,KILEY,,"KILEY, KEVIN",H,3,CA,REP,,,4.0,Advertising Expenses ,C00687103,,,,,,,,,2024-08-01,G2024,,1800.0,2024-08-01 00:00:00,MEDIA PRODUCTION,1807868,LAURA,STOLARZ,,,TREASURER,2024-08-03,F24,F24-24,202408039666058778,2024-08-03,"STOLARZ, LAURA TREASURER",True,24,4080420241999622002,,,,False,True,,,,23300.0,,ARLINGTON,,,,TARGETED VICTORY LLC,,VA,2311 WILSON BOULEVARD,SUITE 200,,22201,https://docquery.fec.gov/cgi-bin/fecimg/?202408039666058778,1807868,48,2024,SE,ITEMIZED INDEPENDENT EXPENDITURES,4080420241999629016,S,SE24.29702,"AMERICANS FOR PROSPERITY ACTION, INC. (AFP ACTION) DBA CVA ACTION AND DBA LIBRE ACTION"
11,A,ADD,N,0.0,,,KEVIN,H2CA03157,KILEY,,"KILEY, KEVIN",H,3,CA,REP,,,1.0,Administrative/Salary/Overhead Expenses ,C00720649,,,,,,,,,2024-03-11,G2024,,1400.0,2024-03-11 00:00:00,VOTER GUIDE,1772046,J. STEVAN,KEMP,,,,2024-04-14,F3X,F3X-24,202404149627642713,2024-04-14,"KEMP, J. STEVAN",False,24,4041520241895753017,,,,False,True,,,,1400.0,,SAN DIEGO,,,,REFORM CALIFORNIA VOTER GUIDE,,CA,7185 NAVAJO ROAD SUITE J,,,92119,https://docquery.fec.gov/cgi-bin/fecimg/?202404149627642713,1772046,Q1,2024,SE,ITEMIZED INDEPENDENT EXPENDITURES,4042620241920838263,S,E-145103,REFORM LEADERS PAC
12,A,ADD,N,0.0,,,KEVIN,H2CA03157,KILEY,,"KILEY, KEVIN",H,3,CA,REP,,,1.0,Administrative/Salary/Overhead Expenses ,C00720649,,,,,,,,,2023-12-22,P2024,,157.29,2023-12-22 00:00:00,VOTER GUIDE,1753326,J. STEVAN,KEMP,,,,2024-01-31,F3X,F3X-24,202401319619443804,2024-01-31,"KEMP, J. STEVAN",False,24,4020120241818221254,,,,False,True,,,,157.29,,SAN DIEGO,,,,REFORM CALIFORNIA VOTER GUIDE,,CA,7185 NAVAJO ROAD SUITE J,,,92119,https://docquery.fec.gov/cgi-bin/fecimg/?202401319619443804,1753326,YE,2023,SE,ITEMIZED INDEPENDENT EXPENDITURES,4021320241824719145,S,E-124983,REFORM LEADERS PAC
13,A,ADD,N,,,,KEVIN,H2CA03157,KILEY,,"KILEY, KEVIN",H,3,CA,REP,,,4.0,Advertising Expenses ,C00562595,,,,,,,,,2022-11-01,G2022,,2500.0,2022-11-02 00:00:00,DIGITAL ADVERTISEMENT,1658117,CHRISSIE,HASTIE,,,,2022-11-02,F24,F24-24,202211029546699657,2022-11-02,"HASTIE, CHRISSIE",True,24,4110220221604061085,,,,False,True,,,,90600.0,,LAS VEGAS,,,,MEDIA PLACEMENT SERVICES,,NV,PO BOX 753771,,,89136,https://docquery.fec.gov/cgi-bin/fecimg/?202211029546699657,1658117,24,2022,SE,ITEMIZED INDEPENDENT EXPENDITURES,4110220221604274448,S,E-147,MORNING IN AMERICA PAC
14,C,CHANGE,A,,,,KEVIN,H2CA03157,KILEY,,"KILEY, KEVIN",H,3,CA,REP,,,,,C00562595,,,,,,,,,2022-11-01,G2022,,2500.0,2022-11-02 00:00:00,DIGITAL ADVERTISEMENT,1672841,CHRISSIE,HASTIE,,,,2022-12-16,F3X,F3X-24,202212169574178582,2022-12-16,"HASTIE, CHRISSIE",False,24,4121620221636960016,,,,False,True,,,,192000.0,,LAS VEGAS,,,,MEDIA PLACEMENT SERVICES,,NV,PO BOX 753771,,,89136,https://docquery.fec.gov/cgi-bin/fecimg/?202212169574178582,1671495,30G,2022,SE,ITEMIZED INDEPENDENT EXPENDITURES,4011820231709101625,S,E-147,MORNING IN AMERICA PAC
15,A,ADD,A,,,,KEVIN,H2CA03157,KILEY,,"KILEY, KEVIN",H,3,CA,REP,,,4.0,Advertising Expenses ,C00562595,,,,,,,,,2022-10-23,G2022,,6000.0,2022-10-24 00:00:00,COST OF PRODUCTION,1665879,CHRISSIE,HASTIE,,,,2022-12-06,F24,F24-24,202212069547174202,2022-12-06,"HASTIE, CHRISSIE",True,24,4120720221633441000,,,,False,True,,,,93500.0,,LAS VEGAS,,,,MEDIA PLACEMENT SERVICES,,NV,PO BOX 753771,,,89136,https://docquery.fec.gov/cgi-bin/fecimg/?202212069547174202,1648893,24,2022,SE,ITEMIZED INDEPENDENT EXPENDITURES,4120720221633559111,S,E-129,MORNING IN AMERICA PAC
16,A,ADD,A,,,,KEVIN,H2CA03157,KILEY,,"KILEY, KEVIN",H,3,CA,REP,,,4.0,Advertising Expenses ,C00562595,,,,,,,,,2022-10-23,G2022,,87500.0,2022-10-24 00:00:00,DIGITAL ADVERTISEMENT,1665879,CHRISSIE,HASTIE,,,,2022-12-06,F24,F24-24,202212069547174202,2022-12-06,"HASTIE, CHRISSIE",True,24,4120720221633441000,,,,False,True,,,,93500.0,,LAS VEGAS,,,,MEDIA PLACEMENT SERVICES,,NV,PO BOX 753771,,,89136,https://docquery.fec.gov/cgi-bin/fecimg/?202212069547174202,1648893,24,2022,SE,ITEMIZED INDEPENDENT EXPENDITURES,4120720221633559110,S,E-121,MORNING IN AMERICA PAC
17,A,ADD,A,,,,KEVIN,H2CA03157,KILEY,,"KILEY, KEVIN",H,3,CA,REP,,,4.0,Advertising Expenses ,C00562595,,,,,,,,,2022-10-23,G2022,,600.0,2022-10-24 00:00:00,COST OF PRODUCTION,1648893,CHRISSIE,HASTIE,,,,2022-10-25,F24,F24-24,202210259541634577,2022-10-25,"HASTIE, CHRISSIE",True,24,4102520221590890028,,,,False,False,,,,88100.0,,LAS VEGAS,,,,MEDIA PLACEMENT SERVICES,,NV,PO BOX 753771,,,89136,https://docquery.fec.gov/cgi-bin/fecimg/?202210259541634577,1648449,24,2022,SE,ITEMIZED INDEPENDENT EXPENDITURES,4102520221591670643,S,E-129,MORNING IN AMERICA PAC
18,A,ADD,A,,,,KEVIN,H2CA03157,KILEY,,"KILEY, KEVIN",H,3,CA,REP,,,4.0,Advertising Expenses ,C00562595,,,,,,,,,2022-10-23,G2022,,87500.0,2022-10-24 00:00:00,DIGITAL ADVERTISEMENT,1648893,CHRISSIE,HASTIE,,,,2022-10-25,F24,F24-24,202210259541634577,2022-10-25,"HASTIE, CHRISSIE",True,24,4102520221590890028,,,,False,False,,,,88100.0,,LAS VEGAS,,,,MEDIA PLACEMENT SERVICES,,NV,PO BOX 753771,,,89136,https://docquery.fec.gov/cgi-bin/fecimg/?202210259541634577,1648449,24,2022,SE,ITEMIZED INDEPENDENT EXPENDITURES,4102520221591670642,S,E-121,MORNING IN AMERICA PAC
19,A,ADD,N,,,,KEVIN,H2CA03157,KILEY,,"KILEY, KEVIN",H,3,CA,REP,,,4.0,Advertising Expenses ,C00562595,,,,,,,,,2022-10-23,G2022,,600.0,2022-10-24 00:00:00,COST OF PRODUCTION,1648449,CHRISSIE,HASTIE,,,,2022-10-24,F24,F24-24,202210249541557650,2022-10-24,"HASTIE, CHRISSIE",True,24,4102520221590890000,,,,False,False,,,,88100.0,,LAS VEGAS,,,,MEDIA PLACEMENT SERVICES,,NV,PO BOX 753771,,,89136,https://docquery.fec.gov/cgi-bin/fecimg/?202210249541557650,1648449,24,2022,SE,ITEMIZED INDEPENDENT EXPENDITURES,4102520221591670003,S,E-129,MORNING IN AMERICA PAC
20,A,ADD,N,,,,KEVIN,H2CA03157,KILEY,,"KILEY, KEVIN",H,3,CA,REP,,,4.0,Advertising Expenses ,C00562595,,,,,,,,,2022-10-23,G2022,,87500.0,2022-10-24 00:00:00,DIGITAL ADVERTISEMENT,1648449,CHRISSIE,HASTIE,,,,2022-10-24,F24,F24-24,202210249541557650,2022-10-24,"HASTIE, CHRISSIE",True,24,4102520221590890000,,,,False,False,,,,88100.0,,LAS VEGAS,,,,MEDIA PLACEMENT SERVICES,,NV,PO BOX 753771,,,89136,https://docquery.fec.gov/cgi-bin/fecimg/?202210249541557650,1648449,24,2022,SE,ITEMIZED INDEPENDENT EXPENDITURES,4102520221591670002,S,E-121,MORNING IN AMERICA PAC
21,C,CHANGE,A,,,,KEVIN,H2CA03157,KILEY,,"KILEY, KEVIN",H,3,CA,REP,,,,,C00562595,,,,,,,,,2022-10-23,G2022,,6000.0,2022-10-24 00:00:00,MEDIA PRODUCTION COSTS,1672841,CHRISSIE,HASTIE,,,,2022-12-16,F3X,F3X-24,202212169574178579,2022-12-16,"HASTIE, CHRISSIE",False,24,4121620221636960016,,,,False,True,,,,187000.0,,LAS VEGAS,,,,MEDIA PLACEMENT SERVICES,,NV,PO BOX 753771,,,89136,https://docquery.fec.gov/cgi-bin/fecimg/?202212169574178579,1671495,30G,2022,SE,ITEMIZED INDEPENDENT EXPENDITURES,4011820231709101618,S,E-129,MORNING IN AMERICA PAC
22,C,CHANGE,A,,,,KEVIN,H2CA03157,KILEY,,"KILEY, KEVIN",H,3,CA,REP,,,,,C00562595,,,,,,,,,2022-10-23,G2022,,87500.0,2022-10-24 00:00:00,DIGITAL ADVERTISEMENT,1672841,CHRISSIE,HASTIE,,,,2022-12-16,F3X,F3X-24,202212169574178578,2022-12-16,"HASTIE, CHRISSIE",False,24,4121620221636960016,,,,False,True,,,,187000.0,,LAS VEGAS,,,,MEDIA PLACEMENT SERVICES,,NV,PO BOX 753771,,,89136,https://docquery.fec.gov/cgi-bin/fecimg/?202212169574178578,1671495,30G,2022,SE,ITEMIZED INDEPENDENT EXPENDITURES,4011820231709101617,S,E-121,MORNING IN AMERICA PAC
23,C,CHANGE,A,,,,KEVIN,H2CA03157,KILEY,,"KILEY, KEVIN",H,3,CA,REP,,,4.0,Advertising Expenses ,C00053553,,C00801985,,,,,,,2022-10-18,G2022,,2804.26,2022-10-19 00:00:00,IE - P2P TEXTING,1695146,CHRISTINA M.,MAJORS,,,,2023-03-27,F3X,F3X-24,202303279579679926,2023-03-27,"MAJORS, CHRISTINA M.",False,24,4032720231738221011,,,,False,True,,,,5487.94,,CHICAGO,,,,"I360, LLC",,IL,29374 NETWORK PLACE,,,606731293,https://docquery.fec.gov/cgi-bin/fecimg/?202303279579679926,1687818,12G,2022,SE,ITEMIZED INDEPENDENT EXPENDITURES,4032920231738287142,S,86378812,NATIONAL RIFLE ASSOCIATION OF AMERICA POLITICAL VICTORY FUND
24,A,ADD,N,,,,KEVIN,H2CA03157,KILEY,,"KILEY, KEVIN",H,3,CA,REP,,,,,C00772913,,,,,,,,,2022-10-18,G2022,,37495.63,2022-10-18 00:00:00,MEDIA PLACEMENT,1652338,TIM,ABLER,,,,2022-10-27,F3X,F3X-24,202210279541798973,2022-10-18,"ABLER, TIM",False,24,4102720221592347989,,,,False,True,,,,81028.76,,ARLINGTON,,,,FP1 DIGITAL LLC,,VA,3001 WASHINGTON BLVD,7TH FLOOR,,22201,https://docquery.fec.gov/cgi-bin/fecimg/?202210279541798973,1652338,12G,2022,SE,ITEMIZED INDEPENDENT EXPENDITURES,4112520221630849540,S,SE24.12,U.S. CONCEALED CARRY ASSOCIATION FOR SAVING LIVES
25,A,ADD,N,,,,KEVIN,H2CA03157,KILEY,,"KILEY, KEVIN",H,3,CA,REP,,,,,C00772913,,,,,,,,,2022-10-18,G2022,,37495.63,2022-10-18 00:00:00,MEDIA PLACEMENT,1644025,TIM,ABLER,,,,2022-10-18,F24,F24-24,202210189537559747,2022-10-18,"ABLER, TIM",True,24,4101820221588501063,,,,False,True,,,,81028.76,,ARLINGTON,,,,FP1 DIGITAL LLC,,VA,3001 WASHINGTON BLVD,7TH FLOOR,,22201,https://docquery.fec.gov/cgi-bin/fecimg/?202210189537559747,1644025,48,2022,SE,ITEMIZED INDEPENDENT EXPENDITURES,4101820221589098566,S,SE24.2,U.S. CONCEALED CARRY ASSOCIATION FOR SAVING LIVES
26,A,ADD,N,,,,KEVIN,H2CA03157,KILEY,,"KILEY, KEVIN",H,3,CA,REP,,,,,C00030718,,,,,,,,,2022-10-11,G2022,,14792.5,2022-10-11 00:00:00,ONLINE DIGITAL AD BUY & PRODUCTION COSTS,1651556,NANCY,LANE,,,,2022-10-27,F3X,F3X-24,202210279541730485,2022-10-26,"LANE, NANCY",False,24,4102720221592347429,,,,False,True,,,,16592.5,,ARLINGTON,,,,THE LUKENS COMPANY,,VA,2800 S SHIRLINGTON RD,FL 9,,222063601,https://docquery.fec.gov/cgi-bin/fecimg/?202210279541730485,1651556,12G,2022,SE,ITEMIZED INDEPENDENT EXPENDITURES,4112520221630849226,S,EFBE624F0CF29405EAFC,NATIONAL ASSOCIATION OF REALTORS POLITICAL ACTION COMMITTEE
27,A,ADD,N,,,,KEVIN,H2CA03157,KILEY,,"KILEY, KEVIN",H,3,CA,REP,,,,,C00030718,,,,,,,,,2022-10-11,G2022,,1800.0,2022-10-11 00:00:00,ADMINISTRATIVE CONSULTING,1651556,NANCY,LANE,,,,2022-10-27,F3X,F3X-24,202210279541730476,2022-10-26,"LANE, NANCY",False,24,4102720221592347429,,,,False,True,,,,16592.5,,CHICAGO,,,,NATIONAL ASSOCIATION OF REALTORS,,IL,430 N MICHIGAN AVE,,,606114011,https://docquery.fec.gov/cgi-bin/fecimg/?202210279541730476,1651556,12G,2022,SE,ITEMIZED INDEPENDENT EXPENDITURES,4112520221630849207,S,E42A0240991B841808FD,NATIONAL ASSOCIATION OF REALTORS POLITICAL ACTION COMMITTEE
28,A,ADD,N,,,,KEVIN,H2CA03157,KILEY,,"KILEY, KEVIN",H,3,CA,REP,,,,,C00030718,,,,,,,,,2022-10-11,G2022,,14792.5,2022-10-11 00:00:00,ONLINE DIGITAL AD BUY & PRODUCTION COSTS,1637938,NANCY,LANE,M.,,,2022-10-13,F24,F24-24,202210139532194939,2022-10-13,"LANE, NANCY M.",True,24,4101320221588039088,,,,False,True,,,,16592.5,,ARLINGTON,,,,THE LUKENS COMPANY,,VA,2800 S SHIRLINGTON RD,FL 9,,222063601,https://docquery.fec.gov/cgi-bin/fecimg/?202210139532194939,1637938,48,2022,SE,ITEMIZED INDEPENDENT EXPENDITURES,4101320221588119797,S,EFBE624F0CF29405EAFC,NATIONAL ASSOCIATION OF REALTORS POLITICAL ACTION COMMITTEE
29,A,ADD,N,,,,KEVIN,H2CA03157,KILEY,,"KILEY, KEVIN",H,3,CA,REP,,,,,C00030718,,,,,,,,,2022-10-11,G2022,,1800.0,2022-10-11 00:00:00,ADMINISTRATIVE CONSULTING,1637938,NANCY,LANE,M.,,,2022-10-13,F24,F24-24,202210139532194939,2022-10-13,"LANE, NANCY M.",True,24,4101320221588039088,,,,False,True,,,,16592.5,,CHICAGO,,,,NATIONAL ASSOCIATION OF REALTORS,,IL,430 N MICHIGAN AVE,,,606114011,https://docquery.fec.gov/cgi-bin/fecimg/?202210139532194939,1637938,48,2022,SE,ITEMIZED INDEPENDENT EXPENDITURES,4101320221588119796,S,E42A0240991B841808FD,NATIONAL ASSOCIATION OF REALTORS POLITICAL ACTION COMMITTEE
30,C,CHANGE,A,,,,KEVIN,H2CA03157,KILEY,,"KILEY, KEVIN",H,3,CA,REP,,,4.0,Advertising Expenses ,C00053553,,C00801985,,,,,,,2022-10-09,G2022,,2.46,2022-10-09 00:00:00,IE - P2P TEXTING,1695146,CHRISTINA M.,MAJORS,,,,2023-03-27,F3X,F3X-24,202303279579679887,2023-03-27,"MAJORS, CHRISTINA M.",False,24,4032720231738221011,,,,False,True,,,,2683.68,,CHICAGO,,,,"I360, LLC",,IL,29374 NETWORK PLACE,,,606731293,https://docquery.fec.gov/cgi-bin/fecimg/?202303279579679887,1687818,12G,2022,SE,ITEMIZED INDEPENDENT EXPENDITURES,4032920231738287064,S,86334713,NATIONAL RIFLE ASSOCIATION OF AMERICA POLITICAL VICTORY FUND
31,C,CHANGE,A,,,,KEVIN,H2CA03157,KILEY,,"KILEY, KEVIN",H,3,CA,REP,,,4.0,Advertising Expenses ,C00053553,,C00801985,,,,,,,2022-10-05,G2022,,2681.22,2022-10-06 00:00:00,IE - P2P TEXTING,1695146,CHRISTINA M.,MAJORS,,,,2023-03-27,F3X,F3X-24,202303279579679869,2023-03-27,"MAJORS, CHRISTINA M.",False,24,4032720231738221011,,,,False,True,,,,2681.22,,CHICAGO,,,,"I360, LLC",,IL,29374 NETWORK PLACE,,,606731293,https://docquery.fec.gov/cgi-bin/fecimg/?202303279579679869,1687818,12G,2022,SE,ITEMIZED INDEPENDENT EXPENDITURES,4032920231738287029,S,86331640,NATIONAL RIFLE ASSOCIATION OF AMERICA POLITICAL VICTORY FUND
32,A,ADD,N,,,,KEVIN,H2CA03157,KILEY,,"KILEY, KEVIN",H,3,CA,REP,,,,,C00772913,,,,,,,,,2022-10-01,G2022,,43371.53,2022-10-01 00:00:00,MEDIA PRODUCTION / MEDIA PLACEMENT,1652338,TIM,ABLER,,,,2022-10-27,F3X,F3X-24,202210279541798971,2022-10-03,"ABLER, TIM",False,24,4102720221592347989,,,,False,True,,,,43533.13,,ARLINGTON,,,,FP1 DIGITAL LLC,,VA,3001 WASHINGTON BLVD,7TH FLOOR,,22201,https://docquery.fec.gov/cgi-bin/fecimg/?202210279541798971,1652338,12G,2022,SE,ITEMIZED INDEPENDENT EXPENDITURES,4112520221630849535,S,SE24.7,U.S. CONCEALED CARRY ASSOCIATION FOR SAVING LIVES
33,A,ADD,N,,,,KEVIN,H2CA03157,KILEY,,"KILEY, KEVIN",H,3,CA,REP,,,,,C00772913,,,,,,,,,2022-10-01,G2022,,161.6,2022-10-01 00:00:00,IN KIND: MEDIA PRODUCTION,1652338,TIM,ABLER,,,,2022-10-27,F3X,F3X-24,202210279541798968,2022-10-03,"ABLER, TIM",False,24,4102720221592347989,,,,False,True,,,,161.6,,WEST BEND,,,,DELTA DEFENSE,,WI,100 FREEDOM WAY,,,53095,https://docquery.fec.gov/cgi-bin/fecimg/?202210279541798968,1652338,12G,2022,SE,ITEMIZED INDEPENDENT EXPENDITURES,4112520221630849530,S,SE24.2,U.S. CONCEALED CARRY ASSOCIATION FOR SAVING LIVES
34,A,ADD,N,,,,KEVIN,H2CA03157,KILEY,,"KILEY, KEVIN",H,3,CA,REP,,,,,C00772913,,,,,,,,,2022-10-01,G2022,,43371.53,2022-10-01 00:00:00,MEDIA PRODUCTION / MEDIA PLACEMENT,1633560,TIM,ABLER,,,,2022-10-03,F24,F24-24,202210039532051935,2022-10-03,"ABLER, TIM",True,24,4100320221587363028,,,,False,True,,,,43533.13,,ARLINGTON,,,,FP1 DIGITAL LLC,,VA,3001 WASHINGTON BLVD,7TH FLOOR,,22201,https://docquery.fec.gov/cgi-bin/fecimg/?202210039532051935,1633560,48,2022,SE,ITEMIZED INDEPENDENT EXPENDITURES,4100320221587379231,S,SE24.4,U.S. CONCEALED CARRY ASSOCIATION FOR SAVING LIVES
35,A,ADD,N,,,,KEVIN,H2CA03157,KILEY,,"KILEY, KEVIN",H,3,CA,REP,,,,,C00772913,,,,,,,,,2022-10-01,G2022,,161.6,2022-10-01 00:00:00,IN KIND: MEDIA PRODUCTION,1633560,TIM,ABLER,,,,2022-10-03,F24,F24-24,202210039532051935,2022-10-03,"ABLER, TIM",True,24,4100320221587363028,,,,False,True,,,,161.6,,WEST BEND,,,,DELTA DEFENSE,,WI,100 FREEDOM WAY,,,53095,https://docquery.fec.gov/cgi-bin/fecimg/?202210039532051935,1633560,48,2022,SE,ITEMIZED INDEPENDENT EXPENDITURES,4100320221587379230,S,SE24.3,U.S. CONCEALED CARRY ASSOCIATION FOR SAVING LIVES
